<?xml version="1.0"?>
<settings>
	<console change_refresh="10" refresh="100" rows="40" columns="120" buffer_rows="1000" buffer_columns="0" shell="" init_dir="">
		<colors>
			<color id="0" r="0" g="0" b="0"/>
			<color id="1" r="0" g="0" b="128"/>
			<color id="2" r="0" g="150" b="0"/>
			<color id="3" r="0" g="150" b="150"/>
			<color id="4" r="170" g="25" b="25"/>
			<color id="5" r="128" g="0" b="128"/>
			<color id="6" r="128" g="128" b="0"/>
			<color id="7" r="192" g="192" b="192"/>
			<color id="8" r="128" g="128" b="128"/>
			<color id="9" r="0" g="100" b="255"/>
			<color id="10" r="0" g="255" b="0"/>
			<color id="11" r="0" g="255" b="255"/>
			<color id="12" r="255" g="50" b="50"/>
			<color id="13" r="255" g="0" b="255"/>
			<color id="14" r="255" g="255" b="0"/>
			<color id="15" r="255" g="255" b="255"/>
		</colors>
	</console>
	<appearance>
		<font name="Courier New" size="10" bold="0" italic="0">
			<color use="0" r="128" g="0" b="128"/>
		</font>
		<window title="Debug console" icon="F:\Smece\a.ico" use_tab_icon="1" use_console_title="0" show_cmd="1" show_cmd_tabs="1" use_tab_title="1"/>
		<controls show_menu="1" show_toolbar="1" show_statusbar="1" show_tabs="1"/>
		<styles caption="1" resizable="1" taskbar_button="1" border="0" inside_border="2" tray_icon="1"/>
		<position x="-1" y="-1" dock="2" snap="0" z_order="0"/>
		<transparency type="0" active_alpha="255" inactive_alpha="255" r="0" g="0" b="0"/>
	</appearance>
	<behavior>
		<copy_paste copy_on_select="0" no_wrap="1" trim_spaces="1"/>
		<mouse_drag on="1" inverse_shift="0"/>
	</behavior>
	<hotkeys>
		<hotkey ctrl="1" shift="0" alt="0" extended="0" code="112" command="newtab1"/>
		<hotkey ctrl="1" shift="0" alt="0" extended="0" code="113" command="newtab2"/>
		<hotkey ctrl="1" shift="0" alt="0" extended="0" code="114" command="newtab3"/>
		<hotkey ctrl="1" shift="0" alt="0" extended="0" code="115" command="newtab4"/>
		<hotkey ctrl="1" shift="0" alt="0" extended="0" code="116" command="newtab5"/>
		<hotkey ctrl="1" shift="0" alt="0" extended="0" code="117" command="newtab6"/>
		<hotkey ctrl="1" shift="0" alt="0" extended="0" code="118" command="newtab7"/>
		<hotkey ctrl="1" shift="0" alt="0" extended="0" code="119" command="newtab8"/>
		<hotkey ctrl="1" shift="0" alt="0" extended="0" code="120" command="newtab9"/>
		<hotkey ctrl="1" shift="0" alt="0" extended="0" code="121" command="newtab10"/>
		<hotkey ctrl="1" shift="0" alt="0" extended="0" code="49" command="switchtab1"/>
		<hotkey ctrl="1" shift="0" alt="0" extended="0" code="50" command="switchtab2"/>
		<hotkey ctrl="1" shift="0" alt="0" extended="0" code="51" command="switchtab3"/>
		<hotkey ctrl="1" shift="0" alt="0" extended="0" code="52" command="switchtab4"/>
		<hotkey ctrl="1" shift="0" alt="0" extended="0" code="53" command="switchtab5"/>
		<hotkey ctrl="1" shift="0" alt="0" extended="0" code="54" command="switchtab6"/>
		<hotkey ctrl="1" shift="0" alt="0" extended="0" code="55" command="switchtab7"/>
		<hotkey ctrl="1" shift="0" alt="0" extended="0" code="56" command="switchtab8"/>
		<hotkey ctrl="1" shift="0" alt="0" extended="0" code="57" command="switchtab9"/>
		<hotkey ctrl="1" shift="0" alt="0" extended="0" code="48" command="switchtab10"/>
		<hotkey ctrl="1" shift="0" alt="0" extended="0" code="9" command="nexttab"/>
		<hotkey ctrl="1" shift="1" alt="0" extended="0" code="9" command="prevtab"/>
		<hotkey ctrl="1" shift="0" alt="0" extended="0" code="87" command="closetab"/>
		<hotkey ctrl="1" shift="0" alt="0" extended="0" code="82" command="renametab"/>
		<hotkey ctrl="1" shift="0" alt="0" extended="1" code="45" command="copy"/>
		<hotkey ctrl="0" shift="1" alt="0" extended="1" code="45" command="paste"/>
	</hotkeys>
	<tabs>
		<tab title="Console2">
			<console shell="" init_dir=""/>
			<cursor style="2" r="255" g="255" b="255"/>
			<background type="0" r="0" g="0" b="0">
				<image file="" relative="0" extend="0" position="0">
					<tint opacity="0" r="0" g="0" b="0"/>
				</image>
			</background>
		</tab>
		<tab title="cmd">
			<console shell="cmd.exe" init_dir=""/>
			<cursor style="0" r="255" g="255" b="255"/>
			<background type="0" r="0" g="0" b="0">
				<image file="" relative="0" extend="0" position="0">
					<tint opacity="0" r="0" g="0" b="0"/>
				</image>
			</background>
		</tab>
		<tab title="Test tab">
			<console shell="bash.exe" init_dir="F:\"/>
			<cursor style="0" r="0" g="0" b="128"/>
			<background type="2" r="0" g="0" b="0">
				<image file="" relative="0" extend="0" position="0">
					<tint opacity="65" r="0" g="255" b="255"/>
				</image>
			</background>
		</tab>
	</tabs>
</settings>
